[
  {
    "name": "Main",
    "children": [
      {
        "name": "Chest 1",
        "map_locations": [
          {
            "map": "garinham",
            "x": 323,
            "y": 215
          }
        ],
        "sections": [
          {
            "ref": "Main/Garinham/Garinham - Chest 1"
          }
        ]
      },
      {
        "name": "Chest 2",
        "map_locations": [
          {
            "map": "garinham",
            "x": 323,
            "y": 255
          }
        ],
        "sections": [
          {
            "ref": "Main/Garinham/Garinham - Chest 2"
          }
        ]
      },
      {
        "name": "Chest 3",
        "map_locations": [
          {
            "map": "garinham",
            "x": 360,
            "y": 215
          }
        ],
        "sections": [
          {
            "ref": "Main/Garinham/Garinham - Chest 3"
          }
        ]
      }
    ]
  }
]