[
  {
    "name": "Main",
    "children": [
      {
        "name": "Level 1 - Chest 1",
        "map_locations": [
          {
            "map": "garins_grave",
            "x": 353,
            "y": 94
          }
        ],
        "sections": [
          {
            "ref": "Main/Garin's Grave/Garin's Grave - Level 1 - Chest 1"
          }
        ]
      },
      {
        "name": "Level 1 - Chest 2",
        "map_locations": [
          {
            "map": "garins_grave",
            "x": 380,
            "y": 94
          }
        ],
        "sections": [
          {
            "ref": "Main/Garin's Grave/Garin's Grave - Level 1 - Chest 2"
          }
        ]
      },
      {
        "name": "Level 1 - Chest 3",
        "map_locations": [
          {
            "map": "garins_grave",
            "x": 408,
            "y": 94
          }
        ],
        "sections": [
          {
            "ref": "Main/Garin's Grave/Garin's Grave - Level 1 - Chest 3"
          }
        ]
      },
      {
        "name": "Level 3 - Chest 1",
        "map_locations": [
          {
            "map": "garins_grave",
            "x": 80,
            "y": 772
          }
        ],
        "sections": [
          {
            "ref": "Main/Garin's Grave/Garin's Grave - Level 3 - Chest 1"
          }
        ]
      },
      {
        "name": "Level 3 - Chest 2",
        "map_locations": [
          {
            "map": "garins_grave",
            "x": 404,
            "y": 906
          }
        ],
        "sections": [
          {
            "ref": "Main/Garin's Grave/Garin's Grave - Level 3 - Chest 2"
          }
        ]
      }
    ]
  }
]