[
  {
    "name": "Main",
    "children": [
      {
        "name": "Dragonlord's Lair - Chest 1",
        "map_locations": [
          {
            "map": "charlock_b7",
            "x": 392,
            "y": 394
          }
        ],
        "sections": [
          {
            "ref": "Main/Charlock Castle/Dragonlord's Lair - Chest 1"
          }
        ]
      },
      {
        "name": "Dragonlord's Lair - Chest 2",
        "map_locations": [
          {
            "map": "charlock_b7",
            "x": 392,
            "y": 425
          }
        ],
        "sections": [
          {
            "ref": "Main/Charlock Castle/Dragonlord's Lair - Chest 2"
          }
        ]
      },
      {
        "name": "Dragonlord's Lair - Chest 3",
        "map_locations": [
          {
            "map": "charlock_b7",
            "x": 392,
            "y": 457
          }
        ],
        "sections": [
          {
            "ref": "Main/Charlock Castle/Dragonlord's Lair - Chest 3"
          }
        ]
      },
      {
        "name": "Dragonlord's Lair - Chest 4",
        "map_locations": [
          {
            "map": "charlock_b7",
            "x": 425,
            "y": 425
          }
        ],
        "sections": [
          {
            "ref": "Main/Charlock Castle/Dragonlord's Lair - Chest 4"
          }
        ]
      },
      {
        "name": "Dragonlord's Lair - Chest 5",
        "map_locations": [
          {
            "map": "charlock_b7",
            "x": 424,
            "y": 457
          }
        ],
        "sections": [
          {
            "ref": "Main/Charlock Castle/Dragonlord's Lair - Chest 5"
          }
        ]
      },
      {
        "name": "Dragonlord's Lair - Chest 6",
        "map_locations": [
          {
            "map": "charlock_b7",
            "x": 455,
            "y": 457
          }
        ],
        "sections": [
          {
            "ref": "Main/Charlock Castle/Dragonlord's Lair - Chest 6"
          }
        ]
      },
      {
        "name": "Defeated Dragonlord",
        "map_locations": [
          {
            "map": "charlock_b7",
            "x": 546,
            "y": 794
          }
        ],
        "sections": [
          {
            "ref": "Main/Charlock Castle/Defeated Dragonlord"
          }
        ]
      }
    ]
  }
]
