[
  {
    "name": "Main",
    "children": [
      {
        "name": "world_map",
        "sections": [
          {
            "name": "Staff of Rain",
            "access_rules": [
              "$silver_harp"
            ],
              "set": ["silver_harp_checked"]
          },
          {
            "name": "Erdrick's Token",
            "visibility_rules": ["searchsanity"]
          },
          {
            "name": "Rainbow Shrine",
            "access_rules": [
              "$rainbow_shrine"
           ]
          }
        ]
      },
      {
        "name": "Tantagel Castle",
        "sections": [
          {
            "name": "Throne Room - Gold Chest"
          },
          {
            "name": "Throne Room - Key Chest"
          },
          {
            "name": "Throne Room - Torch Chest"
          },
          {
            "name": "Tantegel Castle - Gold Chest 1",
            "access_rules": [
              "magic_key"
            ]
          },
          {
            "name": "Tantegel Castle - Gold Chest 2",
            "access_rules": [
              "magic_key"
            ]
          },
          {
            "name": "Tantegel Castle - Gold Chest 3",
            "access_rules": [
              "magic_key"
            ]
          },
          {
            "name": "Tantegel Castle - Gold Chest 4",
            "access_rules": [
              "magic_key"
            ]
          },
          {
            "name": "Stones of Sunlight",
            "access_rules": [
              "magic_key"
            ]
          },
          {
            "name": "Gwaelin's Love (Dummy)",
            "access_rules": [
              "magic_key"
            ],
            "visibility_rules": [
              "dummy"
            ]
          }
        ]
      },
      {
        "name": "Swamp Cave",
        "sections": [
          {
            "name": "Save the Princess (Dummy)",
            "access_rules": [
              "magic_key"
            ],
            "visibility_rules": [
              "dummy"
            ]
          }
        ]
      },
      {
        "name": "Garinham",
        "sections": [
          {
            "name": "Garinham - Chest 1",
            "access_rules": [
              "magic_key"
            ]
          },
          {
            "name": "Garinham - Chest 2",
            "access_rules": [
              "magic_key"
            ]
          },
          {
            "name": "Garinham - Chest 3",
            "access_rules": [
              "magic_key"
            ]
          }
        ]
      },
      {
        "name": "Garin's Grave",
        "sections": [
          {
            "name": "Garin's Grave - Level 1 - Chest 1",
            "access_rules": [
              "magic_key"
            ]
          },
          {
            "name": "Garin's Grave - Level 1 - Chest 2",
            "access_rules": [
              "magic_key"
            ]
          },
          {
            "name": "Garin's Grave - Level 1 - Chest 3",
            "access_rules": [
              "magic_key"
            ]
          },
          {
            "name": "Garin's Grave - Level 3 - Chest 1",
            "access_rules": [
              "magic_key"
            ]
          },
          {
            "name": "Garin's Grave - Level 3 - Chest 2",
            "access_rules": [
              "magic_key"
            ]
          }
        ]
      },
      {
        "name": "Erdrick's Cave",
        "sections": [
          {
            "name": "Erdrick's Tablet"
          }
        ]
      },
      {
        "name": "Kol",
        "sections": [
          {
            "name": "Fairy Flute",
            "visibility_rules": ["searchsanity"]
          }
        ]
      },
      {
        "name": "Charlock Castle",
        "access_rules": [
          "rainbow_drop"
        ],
        "sections": [
          {
            "name": "Erdrick's Sword"
          },
          {
            "name": "Dragonlord's Lair - Chest 1",
            "access_rules": [
              "magic_key"
            ]
          },
          {
            "name": "Dragonlord's Lair - Chest 2",
            "access_rules": [
              "magic_key"
            ]
          },
          {
            "name": "Dragonlord's Lair - Chest 3",
            "access_rules": [
              "magic_key"
            ]
          },
          {
            "name": "Dragonlord's Lair - Chest 4",
            "access_rules": [
              "magic_key"
            ]
          },
          {
            "name": "Dragonlord's Lair - Chest 5",
            "access_rules": [
              "magic_key"
            ]
          },
          {
            "name": "Dragonlord's Lair - Chest 6",
            "access_rules": [
              "magic_key"
            ]
          },
          {
            "name": "Defeated Dragonlord"
          }
        ]
      },
      {
        "name": "Rimuldar",
        "sections": [
          {
            "name": "Rimuldar - Inn Chest",
            "access_rules": [
              "magic_key"
            ]
          }
        ]
      },
      {
        "name": "Mountain Cave",
        "sections": [
          {
            "name": "Mountain Cave - Level 1 - Chest"
          },
          {
            "name": "Mountain Cave - Level 2 - Chest 1"
          },
          {
            "name": "Mountain Cave - Level 2 - Chest 2"
          },
          {
            "name": "Mountain Cave - Level 2 - Chest 3"
          },
          {
            "name": "Mountain Cave - Level 2 - Chest 4"
          }
        ]
      },
      {
        "name": "Hauksness",
        "sections": [
          {
            "name": "Erdrick's Armor",
            "visibility_rules": ["searchsanity"]
          }
        ]
      },
      {
        "name": "Shopsanity",
        "sections": [
          {
            "name": "Purchased: Bamboo Pole",
            "visibility_rules": [
              "Shopsanity"
            ]
          },
          {
            "name": "Purchased: Club",
            "visibility_rules": [
              "Shopsanity"
            ]
          },
          {
            "name": "Purchased: Copper Sword",
            "visibility_rules": [
              "Shopsanity"
            ]
          },
          {
            "name": "Purchased: Hand Axe",
            "visibility_rules": [
              "Shopsanity"
            ]
          },
          {
            "name": "Purchased: Broad Sword",
            "visibility_rules": [
              "Shopsanity"
            ]
          },
          {
            "name": "Purchased: Flame Sword",
            "visibility_rules": [
              "Shopsanity"
            ]
          },
          {
            "name": "Purchased: Clothes",
            "visibility_rules": [
              "Shopsanity"
            ]
          },
          {
            "name": "Purchased: Leather Armor",
            "visibility_rules": [
              "Shopsanity"
            ]
          },
          {
            "name": "Purchased: Chain Mail",
            "visibility_rules": [
              "Shopsanity"
            ]
          },
          {
            "name": "Purchased: Half Plate",
            "visibility_rules": [
              "Shopsanity"
            ]
          },
          {
            "name": "Purchased: Full Plate",
            "visibility_rules": [
              "Shopsanity"
            ]
          },
          {
            "name": "Purchased: Magic Armor",
            "visibility_rules": [
              "Shopsanity"
            ]
          },
          {
            "name": "Purchased: Small Shield",
            "visibility_rules": [
              "Shopsanity"
            ]
          },
          {
            "name": "Purchased: Large Shield",
            "visibility_rules": [
              "Shopsanity"
            ]
          },
          {
            "name": "Purchased: Silver Shield",
            "visibility_rules": [
              "Shopsanity"
            ]
          }
        ]
      },
      {
        "name": "Levels",
        "visibility_rules": [ "levelsanity" ],
        "sections": [
          {
            "name": "Level 2"
          },
          {
            "name": "Level 3"
          },
          {
            "name": "Level 4"
          },
          {
            "name": "Level 5"
          },
          {
            "name": "Level 6"
          },
          {
            "name": "Level 7"
          },
          {
            "name": "Level 8"
          },
          {
            "name": "Level 9"
          },
          {
            "name": "Level 10"
          },
          {
            "name": "Level 11"
          },
          {
            "name": "Level 12"
          },
          {
            "name": "Level 13"
          },
          {
            "name": "Level 14"
          },
          {
            "name": "Level 15"
          },
          {
            "name": "Level 16"
          },
          {
            "name": "Level 17"
          },
          {
            "name": "Level 18"
          },
          {
            "name": "Level 19"
          },
          {
            "name": "Level 20"
          },
          {
            "name": "Level 21"
          },
          {
            "name": "Level 22"
          },
          {
            "name": "Level 23"
          },
          {
            "name": "Level 24"
          },
          {
            "name": "Level 25"
          },
          {
            "name": "Level 26"
          },
          {
            "name": "Level 27"
          },
          {
            "name": "Level 28"
          },
          {
            "name": "Level 29"
          },
          {
            "name": "Level 30"
          }
        ]
      }
    ]
  }
]