[
  {
    "name": "Main",
    "children": [
      {
        "name": "Level 1 - Chest",
        "map_locations": [
          {
            "map": "mountain_cave",
            "x": 505,
            "y": 276
          }
        ],
        "sections": [
          {
            "ref": "Main/Mountain Cave/Mountain Cave - Level 1 - Chest"
          }
        ]
      },
      {
        "name": "Level 2 - Chest 1",
        "map_locations": [
          {
            "map": "mountain_cave",
            "x": 726,
            "y": 308
          }
        ],
        "sections": [
          {
            "ref": "Main/Mountain Cave/Mountain Cave - Level 2 - Chest 1"
          }
        ]
      },
      {
        "name": "Level 2 - Chest 2",
        "map_locations": [
          {
            "map": "mountain_cave",
            "x": 790,
            "y": 180
          }
        ],
        "sections": [
          {
            "ref": "Main/Mountain Cave/Mountain Cave - Level 2 - Chest 2"
          }
        ]
      },
      {
        "name": "Level 2 - Chest 3",
        "map_locations": [
          {
            "map": "mountain_cave",
            "x": 755,
            "y": 180
          }
        ],
        "sections": [
          {
            "ref": "Main/Mountain Cave/Mountain Cave - Level 2 - Chest 3"
          }
        ]
      },
      {
        "name": "Level 2 - Chest 4",
        "map_locations": [
          {
            "map": "mountain_cave",
            "x": 1008,
            "y": 398
          }
        ],
        "sections": [
          {
            "ref": "Main/Mountain Cave/Mountain Cave - Level 2 - Chest 4"
          }
        ]
      }
    ]
  }
]