[
  {
    "name": "Staff of Rain",
    "map_locations": [
      {
        "map": "world_map",
        "x": 670,
        "y": 42
      }
    ],
    "sections": [
      {
        "name": "Harp Turn In",
        "ref": "Main/world_map/Staff of Rain"
      }
    ]
  },
  {
    "name": "Erdrick's Token",
    "map_locations": [
      {
        "map": "world_map",
        "x": 687,
        "y": 921
      }
    ],
    "sections": [
      {
        "name": "Erdrick's Token",
        "ref": "Main/world_map/Erdrick's Token"
      }
    ]
  },
  {
    "name": "Rainbow Shrine",
    "map_locations": [
      {
        "map": "world_map",
        "x": 880,
        "y": 890
      }
    ],
    "sections": [
      {
        "name": "Rainbow Shrine",
        "ref": "Main/world_map/Rainbow Shrine"
      }
    ]
  },

  {
    "name": "Tantagel Castle",
    "map_locations": [
      {
        "map": "world_map",
        "x": 373,
        "y": 373
      }
    ],
    "sections": [
      {
        "name": "Throne Room - Gold Chest",
        "ref": "Main/Tantagel Castle/Throne Room - Gold Chest"
      },
      {
        "name": "Throne Room - Key Chest",
        "ref": "Main/Tantagel Castle/Throne Room - Key Chest"
      },
      {
        "name": "Throne Room - Torch Chest",
        "ref": "Main/Tantagel Castle/Throne Room - Torch Chest"
      },
      {
        "name": "Tantegel Castle - Gold Chest 1",
        "ref": "Main/Tantagel Castle/Tantegel Castle - Gold Chest 1"
      },
      {
        "name": "Tantegel Castle - Gold Chest 2",
        "ref": "Main/Tantagel Castle/Tantegel Castle - Gold Chest 2"
      },
      {
        "name": "Tantegel Castle - Gold Chest 3",
        "ref": "Main/Tantagel Castle/Tantegel Castle - Gold Chest 3"
      },
      {
        "name": "Tantegel Castle - Gold Chest 4",
        "ref": "Main/Tantagel Castle/Tantegel Castle - Gold Chest 4"
      },
      {
        "name": "Stones of Sunlight",
        "ref": "Main/Tantagel Castle/Stones of Sunlight"
      },
      {
        "name": "Gwaelin's Love (Dummy)",
        "ref": "Main/Tantagel Castle/Gwaelin's Love (Dummy)"
      }
    ]
  },
  {
    "name": "Swamp Cave",
    "map_locations": [
      {
        "map": "world_map",
        "x": 850,
        "y": 400
      }
    ],
    "sections": [
      {
        "name": "Save the Princess (Dummy)",
        "ref": "Main/Swamp Cave/Save the Princess (Dummy)"
      }
    ]
  },
  {
    "name": "Garinham",
    "map_locations": [
      {
        "map": "world_map",
        "x": 50,
        "y": 50
      }
    ],
    "sections": [
      {
        "name": "Chest 1",
        "ref": "Main/Garinham/Garinham - Chest 1"
      },
      {
        "name": "Chest 2",
        "ref": "Main/Garinham/Garinham - Chest 2"
      },
      {
        "name": "Chest 3",
        "ref": "Main/Garinham/Garinham - Chest 3"
      }
    ]
  },
  {
    "name": "Garin's Grave",
    "map_locations": [
      {
        "map": "world_map",
        "x": 50,
        "y": 70
      }
    ],
    "sections": [
      {
        "name": "Level 1 - Chest 1",
        "ref": "Main/Garin's Grave/Garin's Grave - Level 1 - Chest 1"
      },
      {
        "name": "Level 1 - Chest 2",
        "ref": "Main/Garin's Grave/Garin's Grave - Level 1 - Chest 2"
      },
      {
        "name": "Level 1 - Chest 3",
        "ref": "Main/Garin's Grave/Garin's Grave - Level 1 - Chest 3"
      },
      {
        "name": "Level 3 - Chest 1",
        "ref": "Main/Garin's Grave/Garin's Grave - Level 3 - Chest 1"
      },
      {
        "name": "Level 3 - Chest 2",
        "ref": "Main/Garin's Grave/Garin's Grave - Level 3 - Chest 2"
      }
    ]
  },
  {
    "name": "Erdrick's Cave",
    "map_locations": [
      {
        "map": "world_map",
        "x": 255,
        "y": 130
      }
    ],
    "sections": [
      {
        "name": "Erdrick's Tablet",
        "ref": "Main/Erdrick's Cave/Erdrick's Tablet"
      }
    ]
  },
  {
    "name": "Kol",
    "map_locations": [
      {
        "map": "world_map",
        "x": 850,
        "y": 110
      }
    ],
    "sections": [
      {
        "name": "Fairy Flute",
        "ref": "Main/Kol/Fairy Flute"
      }
    ]
  },
  {
    "name": "Charlock Castle",
    "map_locations": [
      {
        "map": "world_map",
        "x": 412,
        "y": 412
      }
    ],
    "sections": [
      {
        "name": "Erdrick's Sword",
        "ref": "Main/Charlock Castle/Erdrick's Sword"
      },
      {
        "name": "Dragonlord's Lair - Chest 1",
        "ref": "Main/Charlock Castle/Dragonlord's Lair - Chest 1"
      },
      {
        "name": "Dragonlord's Lair - Chest 2",
        "ref": "Main/Charlock Castle/Dragonlord's Lair - Chest 2"
      },
      {
        "name": "Dragonlord's Lair - Chest 3",
        "ref": "Main/Charlock Castle/Dragonlord's Lair - Chest 3"
      },
      {
        "name": "Dragonlord's Lair - Chest 4",
        "ref": "Main/Charlock Castle/Dragonlord's Lair - Chest 4"
      },
      {
        "name": "Dragonlord's Lair - Chest 5",
        "ref": "Main/Charlock Castle/Dragonlord's Lair - Chest 5"
      },
      {
        "name": "Dragonlord's Lair - Chest 6",
        "ref": "Main/Charlock Castle/Dragonlord's Lair - Chest 6"
      },
      {
        "name": "Defeated Dragonlord",
        "ref": "Main/Charlock Castle/Defeated Dragonlord"
      }
    ]
  },
  {
    "name": "Rimuldar",
    "map_locations": [
      {
        "map": "world_map",
        "x": 835,
        "y": 600
      }
    ],
    "sections": [
      {
        "name": "Inn Chest",
        "ref": "Main/Rimuldar/Rimuldar - Inn Chest"
      }
    ]
  },
  {
    "name": "Mountain Cave",
    "map_locations": [
      {
        "map": "world_map",
        "x": 260,
        "y": 480
      }
    ],
    "sections": [
      {
        "name": "Level 1 - Chest",
        "ref": "Main/Mountain Cave/Mountain Cave - Level 1 - Chest"
      },
      {
        "name": "Level 2 - Chest 1",
        "ref": "Main/Mountain Cave/Mountain Cave - Level 2 - Chest 1"
      },
      {
        "name": "Level 2 - Chest 2",
        "ref": "Main/Mountain Cave/Mountain Cave - Level 2 - Chest 2"
      },
      {
        "name": "Level 2 - Chest 3",
        "ref": "Main/Mountain Cave/Mountain Cave - Level 2 - Chest 3"
      },
      {
        "name": "Level 2 - Chest 4",
        "ref": "Main/Mountain Cave/Mountain Cave - Level 2 - Chest 4"
      }
    ]
  },
  {
    "name": "Hauksness",
    "map_locations": [
      {
        "map": "world_map",
        "x": 232,
        "y": 732
      }
    ],
    "sections": [
      {
        "name": "Erdrick's Armor",
        "ref": "Main/Hauksness/Erdrick's Armor"
      }
    ]
  },
  {
    "name": "Shopsanity",
    "map_locations": [
      {
        "map": "world_map",
        "x": 0,
        "y": 990
      }
    ],
    "sections": [
      {
        "name": "Purchased: Bamboo Pole",
        "ref": "Main/Shopsanity/Purchased: Bamboo Pole"
      },
      {
        "name": "Purchased: Club",
        "ref": "Main/Shopsanity/Purchased: Club"
      },
      {
        "name": "Purchased: Copper Sword",
        "ref": "Main/Shopsanity/Purchased: Copper Sword"
      },
      {
        "name": "Purchased: Hand Axe",
        "ref": "Main/Shopsanity/Purchased: Hand Axe"
      },
      {
        "name": "Purchased: Broad Sword",
        "ref": "Main/Shopsanity/Purchased: Broad Sword"
      },
      {
        "name": "Purchased: Flame Sword",
        "ref": "Main/Shopsanity/Purchased: Flame Sword"
      },
      {
        "name": "Purchased: Clothes",
        "ref": "Main/Shopsanity/Purchased: Clothes"
      },
      {
        "name": "Purchased: Leather Armor",
        "ref": "Main/Shopsanity/Purchased: Leather Armor"
      },
      {
        "name": "Purchased: Chain Mail",
        "ref": "Main/Shopsanity/Purchased: Chain Mail"
      },
      {
        "name": "Purchased: Half Plate",
        "ref": "Main/Shopsanity/Purchased: Half Plate"
      },
      {
        "name": "Purchased: Full Plate",
        "ref": "Main/Shopsanity/Purchased: Full Plate"
      },
      {
        "name": "Purchased: Magic Armor",
        "ref": "Main/Shopsanity/Purchased: Magic Armor"
      },
      {
        "name": "Purchased: Small Shield",
        "ref": "Main/Shopsanity/Purchased: Small Shield"
      },
      {
        "name": "Purchased: Large Shield",
        "ref": "Main/Shopsanity/Purchased: Large Shield"
      },
      {
        "name": "Purchased: Silver Shield",
        "ref": "Main/Shopsanity/Purchased: Silver Shield"
      }
    ]
  },
  {
    "name": "Levels",
    "map_locations": [
      {
        "map": "world_map",
        "x": 990,
        "y": 990
      }
    ],
    "sections": [
      {
        "name": "Level 2",
        "ref": "Main/Levels/Level 2"
      },
      {
        "name": "Level 3",
        "ref": "Main/Levels/Level 3"
      },
      {
        "name": "Level 4",
        "ref": "Main/Levels/Level 4"
      },
      {
        "name": "Level 5",
        "ref": "Main/Levels/Level 5"
      },
      {
        "name": "Level 6",
        "ref": "Main/Levels/Level 6"
      },
      {
        "name": "Level 7",
        "ref": "Main/Levels/Level 7"
      },
      {
        "name": "Level 8",
        "ref": "Main/Levels/Level 8"
      },
      {
        "name": "Level 9",
        "ref": "Main/Levels/Level 9"
      },
      {
        "name": "Level 10",
        "ref": "Main/Levels/Level 10"
      },
      {
        "name": "Level 11",
        "ref": "Main/Levels/Level 11"
      },
      {
        "name": "Level 12",
        "ref": "Main/Levels/Level 12"
      },
      {
        "name": "Level 13",
        "ref": "Main/Levels/Level 13"
      },
      {
        "name": "Level 14",
        "ref": "Main/Levels/Level 14"
      },
      {
        "name": "Level 15",
        "ref": "Main/Levels/Level 15"
      },
      {
        "name": "Level 16",
        "ref": "Main/Levels/Level 16"
      },
      {
        "name": "Level 17",
        "ref": "Main/Levels/Level 17"
      },
      {
        "name": "Level 18",
        "ref": "Main/Levels/Level 18"
      },
      {
        "name": "Level 19",
        "ref": "Main/Levels/Level 19"
      },
      {
        "name": "Level 20",
        "ref": "Main/Levels/Level 20"
      },
      {
        "name": "Level 21",
        "ref": "Main/Levels/Level 21"
      },
      {
        "name": "Level 22",
        "ref": "Main/Levels/Level 22"
      },
      {
        "name": "Level 23",
        "ref": "Main/Levels/Level 23"
      },
      {
        "name": "Level 24",
        "ref": "Main/Levels/Level 24"
      },
      {
        "name": "Level 25",
        "ref": "Main/Levels/Level 25"
      },
      {
        "name": "Level 26",
        "ref": "Main/Levels/Level 26"
      },
      {
        "name": "Level 27",
        "ref": "Main/Levels/Level 27"
      },
      {
        "name": "Level 28",
        "ref": "Main/Levels/Level 28"
      },
      {
        "name": "Level 29",
        "ref": "Main/Levels/Level 29"
      },
      {
        "name": "Level 30",
        "ref": "Main/Levels/Level 30"
      }
    ]
  }
]